id_revision,vehiculo,presion,unidad,tipo_vehiculo
REV-0001,Nissan Frontier 2023,30.71,PSI,Lujo
REV-0002,Ford Ranger 2023,3.15,bar,Pickup
REV-0003,Chevrolet Aveo 2022,2.08,bar,Compacto
REV-0004,Ford Ranger 2023,31.69,PSI,Sedán
REV-0005,Mercedes C300 2023,41.33,PSI,Pickup
REV-0006,BMW Serie 3 2024,38.66,PSI,SUV
REV-0007,Mercedes C300 2023,46.86,PSI,Camioneta
REV-0008,KIA Sportage 2023,3.22,bar,Minivan
REV-0009,Toyota RAV4 2024,36.06,PSI,Compacto
REV-0010,Toyota Hilux 2024,38.69,PSI,Minivan
REV-0011,BMW Serie 3 2024,49.82,PSI,Lujo
REV-0012,BMW Serie 3 2024,2.14,bar,Compacto
REV-0013,KIA Sportage 2023,2.28,bar,Minivan
REV-0014,BMW Serie 3 2024,3.16,bar,Sedán
REV-0015,BMW Serie 3 2024,1.58,bar,Lujo
REV-0016,Toyota RAV4 2024,47.12,PSI,Deportivo
REV-0017,Mazda CX-5 2023,1.9,bar,Pickup
REV-0018,Ford Escape 2023,2.41,bar,Compacto
REV-0019,Hyundai Tucson 2024,37.34,PSI,Compacto
REV-0020,Mercedes C300 2023,27.03,PSI,SUV
REV-0021,Suzuki Vitara 2023,1.66,bar,Camioneta
REV-0022,Jeep Wrangler 2022,2.32,bar,Deportivo
REV-0023,Hyundai Tucson 2024,33.02,PSI,SUV
REV-0024,Toyota RAV4 2024,2.38,bar,Compacto
REV-0025,Honda CR-V 2023,3.04,bar,Pickup,dato_extra,48
REV-0026,Suzuki Vitara 2023,2.72,bar,Sedán
REV-0027,VW Tiguan 2024,3.79,bar,Pickup
REV-0028,RAM 1500 2023,2.49,bar,Sedán
REV-0029,Hyundai Tucson 2024,2.91,bar,Pickup
REV-0030,BMW Serie 3 2024,1.47,bar,Camioneta
REV-0031,Chevrolet Silverado 2024,1.73,bar,Deportivo
REV-0032,Toyota RAV4 2024,23.76,PSI,Compacto
REV-0033,RAM 1500 2023,1.87,bar,SUV
REV-0034,Hyundai Tucson 2024,2.35,bar,Lujo
REV-0035,Mazda CX-5 2023,3.19,bar,Deportivo
REV-0036,VW Tiguan 2024,28.41,PSI,Sedán
REV-0037,Nissan Frontier 2023,18.77,PSI,Pickup
REV-0038,Honda CR-V 2023,1.45,bar,Camioneta
REV-0039,Nissan Sentra 2024,47.81,PSI,Lujo
REV-0040,Toyota Hilux 2024,3.04,bar,Compacto
REV-0041,BMW Serie 3 2024,2.02,bar,Camioneta,dato_extra,13
REV-0042,Ford Escape 2023,3.64,bar,SUV
REV-0043,Honda Civic 2022,3.37,bar,Compacto
REV-0044,BMW Serie 3 2024,48.18,PSI,SUV

REV-0046,Mazda CX-5 2023,45.55,PSI,Lujo
REV-0047,VW Jetta 2023,2.46,bar,Lujo,dato_extra,14
REV-0048,Mercedes C300 2023,18.31,PSI,Minivan
REV-0049,Honda CR-V 2023,1.27,bar,Pickup
REV-0050,Mazda CX-5 2023,1.81,bar,Camioneta
REV-0051,Nissan Sentra 2024,33.63,PSI,Deportivo
REV-0052,Subaru Outback 2024,47.97,PSI,Pickup
REV-0053,Mercedes C300 2023,1.79,bar,Pickup
REV-0054,KIA Sportage 2023,2.26,bar,SUV
REV-0055,Mazda 3 2024,2.44,bar,Minivan
REV-0056,Toyota Corolla 2023,,PSI,Compacto
REV-0057,Chevrolet Silverado 2024,29.81,PSI,SUV
REV-0058,Toyota Corolla 2023,1.6,bar,Camioneta
REV-0059,Suzuki Vitara 2023,3.23,bar,Deportivo
REV-0060,BMW Serie 3 2024,2.14,bar,Pickup
REV-0061,Nissan Sentra 2024,3.53,bar,Lujo
REV-0062,VW Jetta 2023,50.43,PSI,Sedán
REV-0063,Honda Civic 2022,2.28,bar,Lujo
REV-0064,Honda CR-V 2023,41.65,PSI,SUV
REV-0065,Subaru Outback 2024,1.72,bar,Deportivo
REV-0066,Ford Ranger 2023,48.35,PSI,Deportivo
REV-0067,Toyota Hilux 2024,3.59,bar,Compacto
REV-0068,VW Jetta 2023,31.06,PSI,Compacto
REV-0069,Jeep Wrangler 2022,43.46,PSI,Minivan
REV-0070,Honda Civic 2022,24.9,PSI,Minivan
REV-0071,Ford Ranger 2023,3.6,bar,Sedán

REV-0073,Mazda 3 2024,2.71,bar,Lujo
REV-0074,Suzuki Vitara 2023,52.06,PSI,SUV
REV-0075,Mazda 3 2024,24.48,PSI,SUV
REV-0076,Audi A4 2024,51.29,PSI,Deportivo
REV-0077,Mercedes C300 2023,42.61,PSI,Compacto
REV-0078,Chevrolet Aveo 2022,3.4,bar,Minivan
REV-0079,KIA Sportage 2023,3.71,bar,Pickup
REV-0080,RAM 1500 2023,24.59,PSI,Pickup
REV-0081,Suzuki Vitara 2023,2.77,bar,Camioneta
REV-0082,Chevrolet Aveo 2022,1.57,bar,Minivan
REV-0083,BMW Serie 3 2024,33.29,PSI,Minivan
REV-0084,Toyota RAV4 2024,45.38,PSI,Minivan
REV-0085,RAM 1500 2023,32.04,PSI,Camioneta
REV-0086,Toyota Corolla 2023,32.53,PSI,Compacto
REV-0087,Mazda 3 2024,51.56,PSI,Compacto
REV-0088,Nissan Frontier 2023,2.24,bar,SUV
REV-0089,Subaru Outback 2024,51.4,PSI,Lujo
REV-0090,Audi A4 2024,2.21,bar,SUV
REV-0091,Suzuki Vitara 2023,1.92,bar,Minivan
REV-0092,Audi A4 2024,32.42,PSI,Lujo
REV-0093,Mazda 3 2024,3.68,bar,Pickup
REV-0094,KIA Sportage 2023,41.97,PSI,Camioneta
REV-0095,KIA Sportage 2023,19.94,PSI,Camioneta
REV-0096,Subaru Outback 2024,48.06,PSI,Sedán
REV-0097,Toyota RAV4 2024,47.16,PSI,Camioneta
REV-0098,Mazda 3 2024,40.71,PSI,Minivan
REV-0099,Mercedes C300 2023,47.79,PSI,Minivan
REV-0100,KIA Sportage 2023,2.05,bar,Compacto
REV-0101,Toyota Corolla 2023,31.07,PSI,Camioneta
REV-0102,Hyundai Tucson 2024,19.96,PSI,SUV
REV-0103,Chevrolet Silverado 2024,3.25,bar,Sedán
REV-0104,Hyundai Tucson 2024,45.6,PSI,Minivan
REV-0105,Nissan Frontier 2023,2.02,bar
REV-0106,Honda Civic 2022,22.19,PSI,Sedán
REV-0107,Ford Escape 2023,2.7,bar,Camioneta
REV-0108,Audi A4 2024,19.81,PSI,Pickup
REV-0109,Toyota Corolla 2023,24.44,PSI,Deportivo
REV-0110,KIA Sportage 2023,21.39,PSI,Lujo
REV-0111,Chevrolet Aveo 2022,52.78,PSI,Compacto
REV-0112,Toyota RAV4 2024,29.39,PSI,SUV
REV-0113,VW Tiguan 2024,54.18,PSI,Sedán
REV-0114,Toyota RAV4 2024,1.52,bar,Pickup
REV-0115,Subaru Outback 2024,27.06,PSI,Camioneta
REV-0116,Nissan Frontier 2023,2.89,bar,Minivan
REV-0117,KIA Sportage 2023,2.52,bar,Minivan
REV-0118,Nissan Sentra 2024,--,bar,Minivan
REV-0119,Suzuki Vitara 2023,52.57,PSI,Sedán
REV-0120,Jeep Wrangler 2022,2.14,bar,Pickup
REV-0121,VW Jetta 2023,52.96,PSI,Sedán

REV-0123,Mazda CX-5 2023,46.68,PSI,Compacto
REV-0124,Toyota Hilux 2024,2.21,bar,Compacto
REV-0125,Suzuki Vitara 2023,27.7,PSI,Sedán
REV-0126,Mazda 3 2024,3.74,bar,Lujo
REV-0127,BMW Serie 3 2024,2.23,bar,Camioneta
REV-0128,Jeep Wrangler 2022,1.79,bar,Compacto
REV-0129,Mazda CX-5 2023,2.71,bar,Lujo
REV-0130,VW Jetta 2023,23.2,PSI,Compacto
REV-0131,Nissan Sentra 2024,41.17,PSI,Lujo
REV-0132,Ford Ranger 2023,2.27,bar,Minivan
REV-0133,Mazda 3 2024,25.89,PSI,Sedán
REV-0134,Honda CR-V 2023,18.82,PSI,Sedán
REV-0135,Toyota Corolla 2023,36.16,PSI,Sedán
REV-0136,BMW Serie 3 2024,39.16,PSI,SUV,dato_extra,57
REV-0137,Jeep Wrangler 2022,36.68,PSI,Minivan
REV-0138,Honda Civic 2022,2.93,bar,Pickup
REV-0139,Jeep Wrangler 2022,44.87,PSI,Lujo
REV-0140,Chevrolet Aveo 2022,28.15,PSI,Deportivo
REV-0141,Toyota RAV4 2024,1.85,bar,Compacto
REV-0142,Honda CR-V 2023,1.22,bar,Pickup
REV-0143,Toyota Hilux 2024,2.34,bar,SUV
REV-0144,BMW Serie 3 2024,2.37,bar,Minivan
REV-0145,Toyota Hilux 2024,1.63,bar,Minivan
REV-0146,VW Tiguan 2024,51.85,PSI,Deportivo
REV-0147,VW Jetta 2023,2.64,bar,Minivan
REV-0148,KIA Sportage 2023,2.89,bar,SUV
REV-0149,Chevrolet Silverado 2024,3.72,bar,Minivan
REV-0150,Chevrolet Aveo 2022,3.17,bar,Lujo,dato_extra,89
REV-0151,Chevrolet Aveo 2022,1.24,bar,SUV
REV-0152,Honda CR-V 2023,2.9,bar,Minivan
REV-0153,Nissan Frontier 2023,20.47,PSI,Sedán
REV-0154,Nissan Sentra 2024,50.68,PSI,Lujo
REV-0155,Audi A4 2024,2.46,bar,Sedán
REV-0156,Toyota Hilux 2024,28.42,PSI,SUV
REV-0157,Toyota Corolla 2023,3.52,bar,Camioneta
REV-0158,BMW Serie 3 2024,34.77,PSI,Compacto
REV-0159,VW Jetta 2023,27.69,PSI,Sedán
REV-0160,Toyota Hilux 2024,34.4,PSI,Compacto
REV-0161,Mazda CX-5 2023,34.73,PSI,Compacto
REV-0162,Mercedes C300 2023,20.46,PSI,Minivan
REV-0163,Chevrolet Aveo 2022,1.61,bar,Lujo
REV-0164,VW Jetta 2023,2.91,bar,SUV
REV-0165,Mazda CX-5 2023,3.6,bar,SUV
REV-0166,Chevrolet Silverado 2024,31.27,PSI,Compacto
REV-0167,Hyundai Tucson 2024,1.66,bar,Minivan
REV-0168,Mercedes C300 2023,47.68,PSI,Sedán
REV-0169,Toyota RAV4 2024,41.03,PSI,Pickup
REV-0170,BMW Serie 3 2024,2.8,bar,Lujo
REV-0171,Ford Escape 2023,3.66,bar,Sedán
REV-0172,Mercedes C300 2023,2.73,bar,SUV
REV-0173,Mazda CX-5 2023,3.56,bar,SUV
REV-0174,Jeep Wrangler 2022,1.25,bar,Sedán
REV-0175,Toyota Corolla 2023,37.78,PSI,Lujo
REV-0176,Toyota Hilux 2024,23.35,PSI,Compacto
REV-0177,Mazda 3 2024,48.27,PSI,Compacto
REV-0178,Toyota RAV4 2024,1.68,bar,Sedán
REV-0179,Chevrolet Silverado 2024,1.52,bar,Sedán
REV-0180,Chevrolet Aveo 2022,1.28,bar,Camioneta
REV-0181,Toyota Hilux 2024,26.69,PSI,Sedán
REV-0182,Subaru Outback 2024,1.21,bar,Pickup
REV-0183,BMW Serie 3 2024,50.12,PSI,Deportivo
REV-0184,Toyota Hilux 2024,43.45,PSI,Sedán
REV-0185,Suzuki Vitara 2023,,bar,Lujo
REV-0186,Jeep Wrangler 2022
REV-0187,Nissan Frontier 2023,3.15,bar,Sedán
REV-0188,Ford Ranger 2023,32.7,PSI,Compacto
REV-0189,BMW Serie 3 2024,29.85,PSI,Compacto
REV-0190,Nissan Sentra 2024,47.26,PSI,Compacto
REV-0191,Nissan Sentra 2024,2.21,bar,Camioneta
REV-0192,KIA Sportage 2023,3.17,bar,Deportivo
REV-0193,Toyota Hilux 2024,,bar,Deportivo
REV-0194,Honda Civic 2022,35.83,PSI
REV-0195,Subaru Outback 2024,3.71,bar,Minivan,dato_extra,74
REV-0196,VW Tiguan 2024,38.35,PSI,Pickup
REV-0197,Toyota Hilux 2024,40.23,PSI,Compacto
REV-0198,Ford Ranger 2023,19.95,PSI,Minivan
REV-0199,RAM 1500 2023,2.6,bar,Pickup
REV-0200,Suzuki Vitara 2023,2.63,bar,Lujo
REV-0201,RAM 1500 2023,38.57,PSI,Minivan
REV-0202,Toyota Corolla 2023,2.28,bar,Minivan
REV-0203,BMW Serie 3 2024,22.69,K,SUV
REV-0204,KIA Sportage 2023,1.73,bar,SUV
REV-0205,Nissan Frontier 2023,54.1,PSI,Minivan
REV-0206,Nissan Frontier 2023,1.38,bar,Camioneta
REV-0207,Audi A4 2024,35.06,PSI,Compacto
REV-0208,VW Jetta 2023,47.52,PSI,Camioneta
REV-0209,Toyota Hilux 2024
REV-0210,Honda CR-V 2023,1.81,bar,Sedán
REV-0211,Chevrolet Aveo 2022,2.32,bar,Lujo
REV-0212,Audi A4 2024,3.12,bar,Pickup

REV-0214,Suzuki Vitara 2023,1.8
REV-0215,Ford Escape 2023,1.69,bar,Deportivo
REV-0216,Chevrolet Silverado 2024,2.21,bar,Deportivo
REV-0217,Chevrolet Silverado 2024,51.93,PSI,Pickup
REV-0218,Honda Civic 2022,1.46,bar,Compacto
REV-0219,Mazda 3 2024,2.51,bar,Camioneta
REV-0220,Toyota Hilux 2024,47.9,PSI,Lujo,dato_extra,80
REV-0221,Toyota Corolla 2023
REV-0222,Ford Escape 2023,39.17,PSI,SUV
REV-0223,Chevrolet Aveo 2022,28.34,PSI,Compacto
REV-0224,Ford Escape 2023,1.71,bar,Sedán
REV-0225,Hyundai Tucson 2024,21.26,PSI,Camioneta
REV-0226,VW Tiguan 2024,27.75,PSI,Compacto
REV-0227,Mazda CX-5 2023,2.74,bar
REV-0228,Nissan Frontier 2023,3.2,bar,SUV
REV-0229,Nissan Sentra 2024,28.99,PSI,Minivan
REV-0230,BMW Serie 3 2024,1.24,bar,Pickup
REV-0231,Mazda 3 2024,1.24,bar,SUV
REV-0232,Mazda CX-5 2023,2.33,bar,Deportivo
REV-0233,Toyota RAV4 2024,,bar,Deportivo
REV-0234,RAM 1500 2023,1.38,bar,Lujo
REV-0235,VW Tiguan 2024,47.78,PSI,Minivan
REV-0236,Suzuki Vitara 2023,1.94,bar,Compacto
REV-0237,Chevrolet Silverado 2024,1.27,bar,Pickup
REV-0238,Mazda 3 2024,3.55,bar,Lujo
REV-0239,Ford Ranger 2023,3.61,bar,Camioneta
REV-0240,Ford Ranger 2023,30.35,PSI,Lujo
REV-0241,VW Jetta 2023,2.68,bar,Compacto
REV-0242,Toyota RAV4 2024,52.33,PSI,Minivan
REV-0243,Audi A4 2024,3.56,bar,Camioneta
REV-0244,Honda Civic 2022,38.5,PSI,Deportivo
REV-0245,Hyundai Tucson 2024,22.79,PSI,Pickup
REV-0246,Chevrolet Aveo 2022,33.53,PSI,Deportivo
REV-0247,Jeep Wrangler 2022,3.31,bar,Minivan
REV-0248,Subaru Outback 2024,33.49,PSI,Sedán
REV-0249,Hyundai Tucson 2024,1.8,bar,Pickup
REV-0250,Mercedes C300 2023,1.68,bar,Pickup
REV-0251,VW Tiguan 2024,22.65,PSI,Compacto

REV-0253,Hyundai Tucson 2024,2.56,bar,Deportivo
REV-0254,Hyundai Tucson 2024,2.42,bar,Minivan
REV-0255,KIA Sportage 2023,1.78,bar,Lujo
REV-0256,Toyota RAV4 2024,1.42,bar,Camioneta
REV-0257,Chevrolet Silverado 2024,47.95,PSI,Pickup
REV-0258,VW Jetta 2023,34.43,PSI,Minivan
REV-0259,VW Tiguan 2024,36.62,PSI,Lujo
REV-0260,Ford Ranger 2023,1.55,bar,Camioneta
REV-0261,Ford Ranger 2023,20.84,PSI,Minivan
REV-0262,Subaru Outback 2024,29.73,PSI,Pickup
REV-0263,Jeep Wrangler 2022,25.88,PSI,Deportivo
REV-0264,Suzuki Vitara 2023,2.95,bar,Minivan
REV-0265,Honda Civic 2022,1.71,bar,Deportivo
REV-0266,Honda CR-V 2023,3.45,bar,Pickup
REV-0267,Mercedes C300 2023,52.55,PSI,Pickup
REV-0268,Nissan Sentra 2024,1.2,bar,Camioneta
REV-0269,Audi A4 2024,20.08,PSI,SUV
REV-0270,Hyundai Tucson 2024,2.18,bar,SUV
REV-0271,VW Tiguan 2024,52.45,PSI,Camioneta
REV-0272,Mercedes C300 2023,3.15,bar,SUV
REV-0273,KIA Sportage 2023,39.8,PSI,Compacto
REV-0274,RAM 1500 2023,45.21,PSI,Pickup
REV-0275,Mazda CX-5 2023,1.95,bar,Minivan
REV-0276,Nissan Frontier 2023,3.14,bar,Compacto
REV-0277,Toyota Corolla 2023,1.83,bar,SUV
REV-0278,Nissan Frontier 2023,53.89,PSI,Compacto
REV-0279,Nissan Sentra 2024,18.85,PSI,Sedán
REV-0280,Ford Escape 2023,#REF!,PSI,Pickup
REV-0281,Toyota RAV4 2024,3.58,bar,Sedán
REV-0282,Mazda 3 2024,2.85,bar,Deportivo
REV-0283,Mazda 3 2024,1.61,bar,Lujo
REV-0284,Toyota RAV4 2024,32.33,PSI,Sedán

REV-0286,VW Jetta 2023,46.32,PSI,SUV
REV-0287,Nissan Frontier 2023,49.99,PSI,Deportivo
REV-0288,VW Jetta 2023,26.42,PSI,SUV
REV-0289,RAM 1500 2023,1.23,bar,Sedán
REV-0290,Subaru Outback 2024,23.58,PSI,SUV
REV-0291,Jeep Wrangler 2022,44.63,PSI,SUV
REV-0292,RAM 1500 2023,47.19,PSI,Deportivo,dato_extra,68
REV-0293,Nissan Frontier 2023,30.12,PSI,Camioneta
REV-0294,Nissan Sentra 2024,3.31,bar,Camioneta
REV-0295,VW Jetta 2023,38.91,PSI,Minivan
REV-0296,Audi A4 2024,3.16,bar,Minivan
REV-0297,Mercedes C300 2023,48.5,PSI,Compacto
REV-0298,Mercedes C300 2023,1.55,bar,Deportivo
REV-0299,Honda Civic 2022,21.55,PSI,SUV
REV-0300,Suzuki Vitara 2023,3.4
REV-0301,Mazda CX-5 2023,2.97,bar,Sedán
REV-0302,Ford Escape 2023,2.42,bar,Minivan
REV-0303,VW Jetta 2023,3.71,bar,SUV
REV-0304,Chevrolet Aveo 2022,1.43,bar,Minivan
REV-0305,Mercedes C300 2023,3.6,bar,Deportivo
REV-0306,Honda Civic 2022,2.52,bar,Lujo
REV-0307,Subaru Outback 2024,23.29,PSI,Pickup
REV-0308,Nissan Frontier 2023,34.92,PSI,Deportivo
REV-0309,Suzuki Vitara 2023,2.18,bar,Camioneta
REV-0310,KIA Sportage 2023,3.5,bar,SUV
REV-0311,RAM 1500 2023,1.24,bar,Minivan
REV-0312,VW Jetta 2023,41.1,PSI,Sedán
REV-0313,Chevrolet Aveo 2022,3.5,bar,Compacto
REV-0314,Mazda CX-5 2023,2.41,bar,Minivan
REV-0315,Suzuki Vitara 2023,2.09,bar,SUV
REV-0316,Hyundai Tucson 2024,35.75,PSI,Deportivo
REV-0317,Honda Civic 2022,2.3,bar,Camioneta
REV-0318,Honda Civic 2022,1.33,bar,Deportivo
REV-0319,Ford Ranger 2023,1.21,bar,Pickup
REV-0320,Honda Civic 2022,1.59,bar,Deportivo
REV-0321,Suzuki Vitara 2023,2.75,bar,Lujo
REV-0322,Nissan Frontier 2023,1.24,bar,Camioneta
REV-0323,Chevrolet Silverado 2024,1.83,bar,Compacto
REV-0324,VW Jetta 2023,2.07,bar,Sedán
REV-0325,Honda CR-V 2023,36.67,PSI,Camioneta
REV-0326,Honda Civic 2022,50.62,PSI,SUV
REV-0327,Ford Escape 2023,3.24,bar,Lujo
REV-0328,Audi A4 2024,3.48,bar,Lujo
REV-0329,Nissan Frontier 2023,2.44,bar,SUV
REV-0330,Honda Civic 2022,36.06,PSI,Sedán
REV-0331,Chevrolet Aveo 2022,2.71,bar,Minivan
REV-0332,Ford Ranger 2023,1.81,bar,Sedán
REV-0333,Toyota Hilux 2024,2.14,bar,Sedán
REV-0334,Honda Civic 2022,1.68,bar,Camioneta
REV-0335,RAM 1500 2023,3.18,bar,Deportivo
REV-0336,Ford Escape 2023,2.4,bar,Sedán
REV-0337,BMW Serie 3 2024,2.66,bar,Pickup
REV-0338,Chevrolet Aveo 2022,47.65,PSI,Compacto
REV-0339,Suzuki Vitara 2023,35.87,PSI,Pickup
REV-0340,Mercedes C300 2023,29.67,PSI,Sedán
REV-0341,Ford Escape 2023,2.88,bar,Lujo

REV-0343,BMW Serie 3 2024,1.47,bar,Sedán
REV-0344,Subaru Outback 2024,3.04,bar,Minivan
REV-0345,Nissan Frontier 2023,error,PSI,Sedán
REV-0346,Mercedes C300 2023,31.85,,Deportivo
REV-0347,Toyota Corolla 2023,48.26,PSI,Lujo
REV-0348,Honda Civic 2022,36.56,PSI,Deportivo
REV-0349,Toyota RAV4 2024,19.81,PSI,Minivan
REV-0350,VW Jetta 2023,25.31,PSI,Deportivo
REV-0351,Toyota Corolla 2023,1.48,bar,Minivan
REV-0352,Ford Escape 2023,29.53,PSI,Deportivo
REV-0353,Chevrolet Silverado 2024,1.79,bar,Pickup
REV-0354,RAM 1500 2023,26.87,PSI,Camioneta
REV-0355,Ford Escape 2023,3.5,bar,Camioneta
REV-0356,Audi A4 2024,20.37,PSI,Deportivo
REV-0357,Suzuki Vitara 2023,44.22,PSI,Compacto
REV-0358,Mazda 3 2024,1.49,bar,Lujo
REV-0359,Honda Civic 2022,49.66,PSI,Pickup
REV-0360,Nissan Sentra 2024,49.6,PSI,Lujo
REV-0361,Nissan Frontier 2023,32.77,PSI,Sedán
REV-0362,Mazda 3 2024,29.94,PSI,Sedán
REV-0363,Mazda 3 2024,36.51,PSI,Compacto
REV-0364,Chevrolet Silverado 2024,N/A,bar,Compacto
REV-0365,Toyota RAV4 2024,40.26,PSI,Minivan
REV-0366,Nissan Sentra 2024,34.7,PSI,SUV
REV-0367,Chevrolet Silverado 2024,26.88,PSI,Camioneta
REV-0368,KIA Sportage 2023,47.2,PSI,Compacto
REV-0369,RAM 1500 2023,2.12,bar,Deportivo
REV-0370,VW Tiguan 2024,34.97,PSI,Pickup
REV-0371,Ford Escape 2023,1.29,bar,SUV
REV-0372,Chevrolet Aveo 2022,2.92,bar,SUV
REV-0373,Jeep Wrangler 2022,37.6,PSI,Sedán
REV-0374,Ford Escape 2023,45.41,PSI,Lujo
REV-0375,Jeep Wrangler 2022,48.78,PSI,Sedán
REV-0376,Ford Ranger 2023,38.7,PSI,SUV
REV-0377,VW Jetta 2023,54.53,PSI,Compacto
REV-0378,VW Tiguan 2024,1.82,bar,SUV
REV-0379,Toyota Hilux 2024,38.79,PSI,SUV
REV-0380,Honda Civic 2022,2.13,bar,Camioneta
REV-0381,Toyota Corolla 2023,2.86,bar,Camioneta
REV-0382,VW Tiguan 2024,3.42,bar,Lujo
REV-0383,Ford Ranger 2023,38.5,PSI,Pickup
REV-0384,VW Jetta 2023,36.51,PSI,Compacto
REV-0385,Ford Ranger 2023,19.42,PSI,Pickup
REV-0386,VW Jetta 2023,43.27,PSI,Minivan
REV-0387,Audi A4 2024,2.07,bar,Lujo
REV-0388,Toyota Corolla 2023,3.37,bar,Deportivo
REV-0389,Chevrolet Silverado 2024,1.69,bar,Minivan
REV-0390,VW Jetta 2023,1.21,bar,Compacto
REV-0391,Mazda CX-5 2023,2.06,bar,Deportivo
REV-0392,Honda Civic 2022,1.24,bar,Deportivo
REV-0393,Mazda 3 2024,23.65,PSI,Compacto
REV-0394,KIA Sportage 2023,49.96,PSI,Sedán
REV-0395,Mercedes C300 2023,1.5,bar,Minivan
REV-0396,Nissan Sentra 2024,3.37,bar,Camioneta
REV-0397,Audi A4 2024,36.54,PSI,Compacto
REV-0398,VW Jetta 2023,2.38,bar,Lujo
REV-0399,Nissan Sentra 2024,2.89,bar,Lujo
REV-0400,Audi A4 2024,53.82,PSI,Pickup
REV-0401,Nissan Frontier 2023,54.98,PSI,Minivan
REV-0402,Chevrolet Aveo 2022,33.5,PSI,Compacto
REV-0403,Nissan Frontier 2023,2.85,bar,Pickup
REV-0404,VW Jetta 2023,30.73,PSI,Pickup
REV-0405,KIA Sportage 2023,2.45,bar,SUV
REV-0406,VW Tiguan 2024,54.99,PSI,Compacto
REV-0407,BMW Serie 3 2024,45.1,PSI,Pickup

REV-0409,Mazda CX-5 2023,36.91,PSI,Minivan
REV-0410,Chevrolet Aveo 2022,48.65,PSI,Lujo
REV-0411,RAM 1500 2023,1.56,bar,Compacto
REV-0412,Jeep Wrangler 2022,2.52,bar,Pickup
REV-0413,Ford Ranger 2023,36.47,PSI,SUV
REV-0414,Audi A4 2024,22.7,PSI,Deportivo
REV-0415,KIA Sportage 2023,2.39,bar,Sedán
REV-0416,BMW Serie 3 2024,34.18,PSI,Deportivo
REV-0417,Jeep Wrangler 2022,23.4,PSI,Minivan
REV-0418,Honda Civic 2022,3.32,bar,Minivan
REV-0419,VW Jetta 2023,48.7,PSI,SUV
REV-0420,Toyota Hilux 2024,22.15,PSI,Minivan
REV-0421,Toyota Hilux 2024,54.13,PSI,Sedán
REV-0422,VW Jetta 2023,24.93,PSI,Compacto
REV-0423,Hyundai Tucson 2024,27.37,PSI,Pickup
REV-0424,Nissan Frontier 2023,48.92,?,Compacto
REV-0425,Honda Civic 2022,2.57,bar,Pickup
REV-0426,Jeep Wrangler 2022,2.2,bar,Lujo
REV-0427,Honda Civic 2022,3.41,bar,Deportivo
REV-0428,BMW Serie 3 2024,1.95,bar,Lujo
REV-0429,Honda CR-V 2023,21.62,PSI,Deportivo
REV-0430,Jeep Wrangler 2022,2.82,bar,Lujo
REV-0431,Toyota RAV4 2024,34.07,PSI,Compacto
REV-0432,Ford Escape 2023,1.88,bar,Minivan
REV-0433,VW Jetta 2023,43.76,PSI,Deportivo
REV-0434,Audi A4 2024,28.42,PSI,Deportivo
REV-0435,BMW Serie 3 2024,54.52,PSI,Compacto
REV-0436,Chevrolet Silverado 2024,24.83,PSI,Lujo
REV-0437,Hyundai Tucson 2024,23.56,PSI,Minivan
REV-0438,Chevrolet Silverado 2024,48.41,PSI,Sedán
REV-0439,Suzuki Vitara 2023,2.09,bar,Deportivo
REV-0440,Nissan Frontier 2023,32.36,PSI,Deportivo
REV-0441,Mercedes C300 2023,35.16,PSI,Camioneta
REV-0442,Jeep Wrangler 2022,41.36,PSI,Lujo
REV-0443,VW Tiguan 2024,3.66,bar,Deportivo
REV-0444,VW Jetta 2023,49.5,PSI,Compacto
REV-0445,Suzuki Vitara 2023,3.02,bar,Pickup
REV-0446,Subaru Outback 2024,1.21,bar,Pickup
REV-0447,Mercedes C300 2023,53.51,PSI,Sedán
REV-0448,BMW Serie 3 2024,2.12,bar,Sedán
REV-0449,Ford Ranger 2023,1.63,bar,Minivan
REV-0450,Toyota Hilux 2024,3.38,bar,Compacto
REV-0451,KIA Sportage 2023,42.47,PSI,Compacto
REV-0452,Mazda 3 2024,3.2,bar,Deportivo
REV-0453,Nissan Sentra 2024,21.64,PSI,Camioneta
REV-0454,Toyota RAV4 2024,1.4,bar,SUV
REV-0455,Hyundai Tucson 2024,3.36,bar,Minivan
REV-0456,Nissan Frontier 2023,45.84,PSI,Lujo
REV-0457,Honda CR-V 2023,47.13,PSI,SUV
REV-0458,Hyundai Tucson 2024,1.73,bar,Camioneta
REV-0459,Subaru Outback 2024,19.14,PSI,Pickup
REV-0460,Ford Ranger 2023,38.59,PSI,Deportivo
REV-0461,Suzuki Vitara 2023,3.72,bar,SUV
REV-0462,VW Jetta 2023,45.84,PSI,Minivan
REV-0463,Chevrolet Aveo 2022,52.97,PSI,SUV
REV-0464,Mazda CX-5 2023,39.97,PSI,Pickup
REV-0465,Ford Ranger 2023,23.45,PSI,Deportivo
REV-0466,Audi A4 2024,1.41,bar,Compacto
REV-0467,Subaru Outback 2024,46.36,PSI,Minivan
REV-0468,Subaru Outback 2024,50.9,PSI,Lujo
REV-0469,Honda CR-V 2023,47.6,PSI,Compacto
REV-0470,Hyundai Tucson 2024,36.62,PSI,SUV
REV-0471,VW Jetta 2023,2.73,bar,Pickup
REV-0472,Honda CR-V 2023,2.89,bar,Minivan
REV-0473,Ford Ranger 2023,33.49,PSI,Minivan
REV-0474,Mazda CX-5 2023,19.72,PSI,Camioneta
REV-0475,Nissan Frontier 2023,23.4,PSI,Camioneta
REV-0476,Suzuki Vitara 2023,19.6,PSI,Lujo
REV-0477,Nissan Sentra 2024,2.09,bar,Minivan
REV-0478,Toyota Hilux 2024,52.67,PSI,Sedán
REV-0479,Chevrolet Aveo 2022,2.5,bar,Camioneta
REV-0480,Hyundai Tucson 2024,1.43,bar,Compacto
REV-0481,Toyota RAV4 2024,3.61,bar,Lujo
REV-0482,VW Tiguan 2024,48.03,PSI,Pickup
REV-0483,VW Tiguan 2024,34.01,PSI,Deportivo
REV-0484,Nissan Frontier 2023,27.94,PSI,Sedán
REV-0485,Toyota Hilux 2024,25.38,PSI,Lujo
REV-0486,Toyota Corolla 2023,3.44,bar,Compacto
REV-0487,Hyundai Tucson 2024,3.27,bar,Camioneta
REV-0488,Honda CR-V 2023,24.22,PSI,Minivan
REV-0489,Hyundai Tucson 2024,24.07,PSI,Minivan
REV-0490,VW Tiguan 2024,2.57,bar,Compacto
REV-0491,Chevrolet Aveo 2022,34.05,PSI,Pickup
REV-0492,Toyota Corolla 2023,27.64,PSI,SUV
REV-0493,Toyota Hilux 2024,37.06,PSI,Lujo
REV-0494,BMW Serie 3 2024,1.29,bar,Lujo
REV-0495,Toyota Hilux 2024,27.03,PSI,Pickup
REV-0496,Mazda CX-5 2023,1.31,bar,Camioneta
REV-0497,Toyota Hilux 2024,52.12,PSI,Compacto
REV-0498,Chevrolet Silverado 2024,1.46,bar,Deportivo
REV-0499,Chevrolet Aveo 2022,29.01,PSI,Lujo
REV-0500,Nissan Frontier 2023,24.46,PSI,Sedán
REV-0501,Chevrolet Silverado 2024,37.16,PSI,Lujo
REV-0502,Honda Civic 2022,3.05,bar,Sedán
REV-0503,VW Tiguan 2024,26.68,PSI,Compacto
REV-0504,Toyota RAV4 2024,1.77,bar,Minivan
REV-0505,Mazda 3 2024,40.95,PSI,Compacto
REV-0506,Mercedes C300 2023,2.8,bar,Compacto
REV-0507,BMW Serie 3 2024,3.34,bar,Camioneta
REV-0508,BMW Serie 3 2024,25.74,PSI,Lujo
REV-0509,Toyota Corolla 2023,3.19,bar,Pickup
REV-0510,Chevrolet Aveo 2022,2.09,bar,Minivan
REV-0511,Jeep Wrangler 2022,3.55,ZZ,SUV
REV-0512,Honda CR-V 2023,3.13,bar,Compacto
REV-0513,Subaru Outback 2024,1.8,bar,Deportivo
REV-0514,Honda CR-V 2023,44.73,PSI,SUV
REV-0515,Chevrolet Silverado 2024,26.34,PSI,Camioneta
REV-0516,Toyota Hilux 2024,1.96,bar,Sedán
REV-0517,Jeep Wrangler 2022,3.06,bar,Minivan
REV-0518,Toyota Hilux 2024,35.37,PSI,Lujo
REV-0519,Toyota Corolla 2023,N/A,bar,Deportivo
REV-0520,Chevrolet Silverado 2024,53.22,PSI,Deportivo
REV-0521,Chevrolet Aveo 2022,2.79,bar,Compacto
REV-0522,Nissan Sentra 2024,1.92,bar,Compacto
REV-0523,Chevrolet Silverado 2024,1.35,bar,Deportivo

REV-0525,Honda Civic 2022,34.24,PSI,SUV
REV-0526,Chevrolet Silverado 2024,44.37,PSI,Pickup
REV-0527,Toyota Corolla 2023,32.49,PSI,Pickup
REV-0528,Toyota Hilux 2024,20.59,PSI,Lujo
REV-0529,Toyota RAV4 2024,3.02,bar,Deportivo

REV-0531,Mazda CX-5 2023,33.87,PSI,SUV
REV-0532,Toyota RAV4 2024,35.62,PSI,Compacto
REV-0533,Honda Civic 2022,28.92,PSI,Minivan
REV-0534,Suzuki Vitara 2023,42.25,PSI,Deportivo
REV-0535,Chevrolet Silverado 2024,1.5,bar,SUV
REV-0536,Chevrolet Silverado 2024,33.82,PSI,Camioneta
REV-0537,KIA Sportage 2023,51.07,PSI,Lujo
REV-0538,Jeep Wrangler 2022,26.66,PSI,Compacto
REV-0539,Honda Civic 2022,3.21,bar,Lujo
REV-0540,Ford Escape 2023,52.29,PSI,Minivan
REV-0541,VW Tiguan 2024,23.82,PSI,Deportivo
REV-0542,Hyundai Tucson 2024,1.87,bar,Compacto
REV-0543,Ford Escape 2023,1.74,bar,Lujo
REV-0544,Toyota RAV4 2024,24.41,PSI,Camioneta
REV-0545,KIA Sportage 2023,2.08,bar,Pickup
REV-0546,Chevrolet Aveo 2022,33.55,PSI,Pickup
REV-0547,Audi A4 2024,2.17,bar,Pickup
REV-0548,BMW Serie 3 2024,43.95,PSI,SUV
REV-0549,Honda Civic 2022,2.99,bar,Minivan
REV-0550,Honda Civic 2022,2.08,bar,Camioneta
REV-0551,Mazda 3 2024,2.25,bar,Minivan
REV-0552,Toyota RAV4 2024,18.91,PSI,Compacto
REV-0553,Chevrolet Aveo 2022,2.39,bar,Camioneta
REV-0554,Jeep Wrangler 2022,2.7,bar,Deportivo
REV-0555,Toyota RAV4 2024,2.45,X,Sedán
REV-0556,Jeep Wrangler 2022,3.11,bar,Minivan
REV-0557,Jeep Wrangler 2022,2.7,bar,Camioneta
REV-0558,Audi A4 2024,2.37,bar,Sedán
REV-0559,Nissan Frontier 2023,2.52,bar,Deportivo
REV-0560,Jeep Wrangler 2022,38.89,PSI,Lujo
REV-0561,Suzuki Vitara 2023,2.74,bar,Compacto
REV-0562,Chevrolet Aveo 2022,1.79,bar,Lujo
REV-0563,Chevrolet Aveo 2022,1.43,bar,Sedán
REV-0564,Chevrolet Aveo 2022,1.87,bar,Deportivo
REV-0565,Nissan Sentra 2024,2.89,bar,Lujo
REV-0566,Mercedes C300 2023,1.57,bar,Sedán
REV-0567,Audi A4 2024,44.07,PSI,SUV
REV-0568,Nissan Frontier 2023,43.33,PSI,SUV
REV-0569,Honda CR-V 2023,21.96,PSI,Camioneta
REV-0570,Honda Civic 2022,2.2,bar,Pickup
REV-0571,Nissan Frontier 2023,30.99
REV-0572,Nissan Frontier 2023,37.08,PSI,Sedán
REV-0573,Honda Civic 2022,2.66,bar,Minivan
REV-0574,Mazda 3 2024,3.01,bar,Deportivo
REV-0575,Hyundai Tucson 2024,40.78,PSI,Compacto
REV-0576,Subaru Outback 2024,24.96,PSI,Minivan
REV-0577,Toyota Hilux 2024,3.77,bar,SUV
REV-0578,VW Tiguan 2024,18.61,PSI,Deportivo
REV-0579,Subaru Outback 2024,2.54,bar,Pickup
REV-0580,Chevrolet Aveo 2022,1.68,bar,Deportivo
REV-0581,Ford Ranger 2023,33.28,PSI,Compacto
REV-0582,Ford Escape 2023,1.96,bar,Lujo
REV-0583,Honda CR-V 2023,2.96,bar,Sedán

REV-0585,VW Jetta 2023,19.97,PSI,Camioneta
REV-0586,Mazda 3 2024,3.37,bar,SUV
REV-0587,Jeep Wrangler 2022,31.95,PSI,Pickup
REV-0588,Hyundai Tucson 2024,1.82,bar,Compacto
REV-0589,Ford Ranger 2023,50.14,PSI,SUV
REV-0590,Chevrolet Silverado 2024,1.88,bar,Minivan
REV-0591,VW Tiguan 2024,46.84,PSI,Minivan,dato_extra,73
REV-0592,Mazda 3 2024,3.19,bar,Sedán
REV-0593,Toyota Corolla 2023,1.54,bar,Pickup
REV-0594,RAM 1500 2023,2.0,bar,Deportivo
REV-0595,Toyota Corolla 2023,51.75,PSI,Pickup
REV-0596,Ford Ranger 2023,19.96,PSI,Deportivo
REV-0597,RAM 1500 2023,1.56,bar,Sedán
REV-0598,Honda Civic 2022,31.95,PSI,Deportivo
REV-0599,Subaru Outback 2024,1.32,bar,Pickup
REV-0600,Hyundai Tucson 2024,3.18,bar,Minivan
REV-0601,Ford Ranger 2023,2.36,bar,Pickup
REV-0602,Ford Escape 2023,22.26,PSI,Pickup
REV-0603,Chevrolet Aveo 2022,43.67,PSI,Deportivo
REV-0604,BMW Serie 3 2024,3.54,bar,Minivan
REV-0605,Honda Civic 2022,3.24,bar,SUV
REV-0606,Toyota Corolla 2023,44.31,PSI,Pickup
REV-0607,Hyundai Tucson 2024,1.43,bar,Deportivo
REV-0608,KIA Sportage 2023,50.13,PSI,SUV
REV-0609,Nissan Frontier 2023,2.09,bar,Minivan
REV-0610,Ford Ranger 2023,3.64,bar,Pickup
REV-0611,Toyota Hilux 2024,2.69,bar,Sedán
REV-0612,RAM 1500 2023,2.08
REV-0613,Suzuki Vitara 2023,22.51,PSI,Lujo,dato_extra,98
REV-0614,VW Jetta 2023,1.55,bar,Camioneta
REV-0615,Honda Civic 2022,29.01,PSI,SUV

REV-0617,Ford Ranger 2023,47.02,PSI
REV-0618,KIA Sportage 2023,3.68,bar,Minivan
REV-0619,Audi A4 2024,47.46,PSI,Deportivo
REV-0620,Mazda CX-5 2023,54.46,PSI,Camioneta
REV-0621,RAM 1500 2023,1.76,bar,Minivan
REV-0622,Mercedes C300 2023,25.61,PSI,SUV
REV-0623,Nissan Frontier 2023,21.03,PSI,Camioneta
REV-0624,Honda CR-V 2023,47.62,PSI
REV-0625,Jeep Wrangler 2022,1.89,bar,Minivan
REV-0626,Chevrolet Silverado 2024,26.81,PSI,Deportivo
REV-0627,Jeep Wrangler 2022,1.75,bar,Sedán
REV-0628,Nissan Frontier 2023,49.7,PSI,Camioneta
REV-0629,Mazda 3 2024,2.7,bar,Deportivo
REV-0630,Mazda CX-5 2023,46.36,PSI,Sedán
REV-0631,VW Jetta 2023,36.72,PSI,Sedán
REV-0632,Chevrolet Aveo 2022,2.67,bar,Lujo
REV-0633,Toyota Hilux 2024,53.54,PSI,Pickup
REV-0634,Chevrolet Silverado 2024,3.6,bar,SUV
REV-0635,Toyota Hilux 2024,1.32,bar,Minivan
REV-0636,Honda CR-V 2023,2.01,bar,SUV
REV-0637,VW Jetta 2023,3.36,bar,Pickup
REV-0638,BMW Serie 3 2024,29.43,PSI,Camioneta
REV-0639,KIA Sportage 2023,42.28,PSI,Deportivo,dato_extra,14
REV-0640,Toyota Hilux 2024,2.1,bar,Lujo
REV-0641,Chevrolet Silverado 2024,3.66,bar,Deportivo
REV-0642,Honda Civic 2022,3.03,bar,SUV
REV-0643,Hyundai Tucson 2024,3.49,bar,Pickup
REV-0644,Ford Ranger 2023,43.53,PSI,Sedán
REV-0645,VW Tiguan 2024,30.07,PSI,Pickup
REV-0646,Chevrolet Silverado 2024,49.19,PSI,SUV
REV-0647,Nissan Sentra 2024,1.79,bar,Compacto
REV-0648,RAM 1500 2023,2.58,bar,Sedán
REV-0649,Honda CR-V 2023,25.16,PSI,Lujo
REV-0650,Ford Ranger 2023,19.28,PSI,Sedán
REV-0651,Subaru Outback 2024,45.93,PSI,Deportivo
REV-0652,Honda CR-V 2023,3.45,bar,Pickup
REV-0653,Ford Ranger 2023,26.44,PSI,Lujo
REV-0654,Honda Civic 2022,3.12,bar,Pickup
REV-0655,Toyota Corolla 2023,41.5,PSI,Sedán
REV-0656,VW Tiguan 2024,3.55,bar,Sedán
REV-0657,Jeep Wrangler 2022,2.05,bar,Sedán
REV-0658,Subaru Outback 2024,3.05,bar,Camioneta
REV-0659,Chevrolet Aveo 2022,29.67,PSI,Camioneta
REV-0660,Ford Ranger 2023,1.45,bar,Camioneta
REV-0661,VW Jetta 2023,32.87,PSI,Camioneta
REV-0662,Nissan Frontier 2023,33.66,PSI,Sedán
REV-0663,Ford Ranger 2023,47.53
REV-0664,Nissan Frontier 2023,53.55,PSI,Camioneta
REV-0665,VW Tiguan 2024,2.81,bar,SUV
REV-0666,Toyota RAV4 2024,33.55,PSI,SUV

REV-0668,Subaru Outback 2024,39.2,PSI,Camioneta
REV-0669,Honda CR-V 2023,39.85,?,SUV
REV-0670,Ford Ranger 2023,1.33,bar,Deportivo
REV-0671,Toyota Corolla 2023,3.59,bar,Minivan
REV-0672,BMW Serie 3 2024,42.7,PSI,Compacto
REV-0673,Nissan Frontier 2023,1.66,bar,Camioneta
REV-0674,Mercedes C300 2023,41.77,PSI,SUV
REV-0675,Nissan Sentra 2024,3.47,bar,Minivan
REV-0676,RAM 1500 2023,45.63,PSI,Camioneta
REV-0677,Audi A4 2024,2.78,bar,Sedán
REV-0678,Nissan Frontier 2023,47.34,PSI,Camioneta
REV-0679,Honda CR-V 2023,42.87,PSI,Pickup
REV-0680,Ford Ranger 2023,54.71,PSI,Minivan
REV-0681,VW Tiguan 2024,43.22,PSI,Minivan
REV-0682,Honda CR-V 2023,1.35,bar,Lujo
REV-0683,Ford Escape 2023,23.32,PSI,Compacto
REV-0684,Toyota Hilux 2024,35.72,PSI,Pickup
REV-0685,Audi A4 2024,46.13,PSI,Camioneta
REV-0686,Audi A4 2024,2.39,bar,Deportivo
REV-0687,VW Tiguan 2024,18.1,K,Compacto
REV-0688,VW Jetta 2023,error,PSI,Deportivo
REV-0689,Suzuki Vitara 2023,28.53,PSI,Deportivo
REV-0690,Jeep Wrangler 2022,2.52,bar,Minivan
REV-0691,VW Jetta 2023,44.97,PSI,Lujo
REV-0692,VW Jetta 2023,49.49,PSI,Minivan
REV-0693,Ford Ranger 2023,2.8,bar,Camioneta
REV-0694,Ford Escape 2023,3.69,bar,Compacto,dato_extra,3
REV-0695,Honda CR-V 2023,1.25,X,SUV
REV-0696,Chevrolet Aveo 2022,3.01,bar,Deportivo
REV-0697,Mercedes C300 2023,46.02,PSI,Compacto
REV-0698,Chevrolet Silverado 2024,#REF!,PSI,Minivan
REV-0699,VW Jetta 2023,#REF!,bar,Compacto
REV-0700,Ford Escape 2023,24.35,PSI,Deportivo
REV-0701,Toyota RAV4 2024,24.84,PSI,Sedán
REV-0702,Toyota Hilux 2024,21.4,PSI,Deportivo
REV-0703,Jeep Wrangler 2022,46.84,PSI,Sedán
REV-0704,Mazda CX-5 2023
REV-0705,Toyota Corolla 2023,,bar,Minivan
REV-0706,KIA Sportage 2023,25.87,PSI,Camioneta
REV-0707,KIA Sportage 2023,3.36,bar,Compacto
REV-0708,Mazda CX-5 2023,29.01,,SUV
REV-0709,Ford Escape 2023,25.55,PSI,Minivan
REV-0710,Mazda CX-5 2023,3.12,bar,SUV
REV-0711,Honda Civic 2022,20.37,PSI,Deportivo
REV-0712,Audi A4 2024,26.59,PSI,Minivan

REV-0714,Mazda 3 2024,2.9,bar,Sedán
REV-0715,VW Jetta 2023,2.59,bar,Compacto
REV-0716,Honda Civic 2022,35.92,PSI,Minivan
REV-0717,Hyundai Tucson 2024,2.6,bar,Deportivo
REV-0718,Honda Civic 2022,1.26,bar,Camioneta
REV-0719,Mercedes C300 2023,3.71,bar,SUV
REV-0720,VW Tiguan 2024,48.93,PSI,SUV
REV-0721,RAM 1500 2023,2.96,bar,Camioneta
REV-0722,Toyota Corolla 2023,53.89,PSI,Lujo
REV-0723,VW Jetta 2023,2.64,bar,SUV
REV-0724,Jeep Wrangler 2022,52.29,PSI,Pickup
REV-0725,Suzuki Vitara 2023,48.19,PSI,Compacto
REV-0726,KIA Sportage 2023,1.54,bar,Sedán,dato_extra,75
REV-0727,Honda CR-V 2023,30.47,PSI,SUV
REV-0728,Honda Civic 2022,39.99,PSI,Minivan
REV-0729,KIA Sportage 2023,3.55,bar,Compacto
REV-0730,Toyota Hilux 2024,35.89,PSI,Minivan
REV-0731,BMW Serie 3 2024,3.11,bar,Pickup
REV-0732,Ford Escape 2023,1.96,bar,Camioneta
REV-0733,Toyota Corolla 2023,30.02,PSI,Camioneta,dato_extra,32

REV-0735,Honda Civic 2022,N/A,PSI,Deportivo
REV-0736,Audi A4 2024,31.63,PSI,Minivan
REV-0737,Toyota Corolla 2023,1.43,bar,Minivan
REV-0738,Suzuki Vitara 2023,2.39,bar,Compacto
REV-0739,Mazda 3 2024,1.44,bar,Deportivo
REV-0740,Chevrolet Silverado 2024,2.73,bar,Camioneta
REV-0741,Mazda CX-5 2023,33.23,PSI,Compacto
REV-0742,Hyundai Tucson 2024,3.27,bar,Pickup
REV-0743,Mazda CX-5 2023,31.72,PSI,Camioneta
REV-0744,Honda CR-V 2023,1.97,bar,Compacto,dato_extra,27
REV-0745,Mercedes C300 2023,1.5,bar
REV-0746,Chevrolet Silverado 2024,47.25,PSI,Sedán
REV-0747,Hyundai Tucson 2024,40.3,PSI,Minivan
REV-0748,KIA Sportage 2023,2.24,bar,Pickup
REV-0749,Toyota RAV4 2024,29.45,PSI,Compacto
REV-0750,Nissan Sentra 2024,1.97
REV-0751,RAM 1500 2023,2.66,bar,Lujo
REV-0752,VW Jetta 2023,47.38,PSI,Sedán
REV-0753,Mercedes C300 2023,2.44,bar,Pickup
REV-0754,VW Tiguan 2024,33.62,PSI,Deportivo
REV-0755,Toyota RAV4 2024,3.14,bar,Pickup
REV-0756,Suzuki Vitara 2023,36.59,PSI,Lujo
REV-0757,KIA Sportage 2023
REV-0758,Honda Civic 2022,1.37,bar,Minivan
REV-0759,Honda Civic 2022,error,bar,Compacto
REV-0760,Chevrolet Silverado 2024,49.0,PSI,Compacto
REV-0761,Ford Ranger 2023,43.44,PSI,Camioneta
REV-0762,VW Jetta 2023,1.81,bar,Deportivo
REV-0763,Mazda 3 2024,29.79,PSI,SUV
REV-0764,BMW Serie 3 2024,26.23,PSI,SUV
REV-0765,Mazda 3 2024,2.9,bar,Minivan
REV-0766,VW Tiguan 2024,2.73,bar,SUV
REV-0767,Ford Escape 2023,2.12,bar,Minivan
REV-0768,Suzuki Vitara 2023,1.39,bar,Minivan
REV-0769,Toyota Hilux 2024,25.05,PSI,Minivan
REV-0770,Toyota Hilux 2024,46.68,PSI,SUV
REV-0771,Ford Escape 2023,2.37,bar,SUV
REV-0772,Ford Ranger 2023,2.79,bar,Camioneta
REV-0773,KIA Sportage 2023,1.42,bar,Sedán
REV-0774,Chevrolet Aveo 2022,53.81,PSI,SUV
REV-0775,Nissan Sentra 2024,52.93,PSI,Lujo
REV-0776,Audi A4 2024,3.55,bar,Sedán
REV-0777,KIA Sportage 2023,39.18,PSI,SUV
REV-0778,VW Jetta 2023,46.06,PSI,Lujo
REV-0779,RAM 1500 2023,2.35,bar,Compacto
REV-0780,VW Tiguan 2024,1.79,bar,Pickup
REV-0781,Ford Ranger 2023,47.53,PSI,Minivan
REV-0782,Nissan Frontier 2023,3.42,bar,Deportivo
REV-0783,Toyota RAV4 2024,3.72,bar,Camioneta
REV-0784,KIA Sportage 2023,2.03,bar,Camioneta
REV-0785,Subaru Outback 2024,1.91,bar,Camioneta
REV-0786,Nissan Frontier 2023,18.85,PSI,SUV
REV-0787,BMW Serie 3 2024,28.34,PSI,Sedán
REV-0788,Mazda CX-5 2023,35.31,PSI,Sedán
REV-0789,Toyota RAV4 2024,3.18,bar,Pickup
REV-0790,Honda CR-V 2023,1.81,bar,Minivan
REV-0791,VW Tiguan 2024,1.93,bar,Lujo
REV-0792,Toyota Corolla 2023,44.6,PSI,SUV
REV-0793,Mazda CX-5 2023,23.61,PSI,Deportivo
REV-0794,Mazda CX-5 2023,23.77,PSI,SUV
REV-0795,KIA Sportage 2023,45.93,PSI,Compacto
REV-0796,Chevrolet Aveo 2022,2.69,bar,Minivan
REV-0797,Honda CR-V 2023,1.45,bar,Camioneta
REV-0798,Chevrolet Aveo 2022,22.4,PSI,Compacto
REV-0799,Chevrolet Silverado 2024,3.25,bar,Compacto
REV-0800,Jeep Wrangler 2022,47.32,PSI,Deportivo
REV-0801,Mercedes C300 2023,45.02,?,Pickup
REV-0802,Chevrolet Silverado 2024,22.83,PSI,Lujo
REV-0803,Ford Escape 2023,54.37,PSI,Compacto
REV-0804,Mazda CX-5 2023,1.47,bar,Lujo
REV-0805,Nissan Sentra 2024,33.02,?,Lujo
REV-0806,Subaru Outback 2024,33.29,PSI,SUV
REV-0807,Chevrolet Aveo 2022,2.9,bar,Deportivo
REV-0808,Ford Ranger 2023,2.87,bar,Sedán
REV-0809,Suzuki Vitara 2023,1.68,bar,Pickup
REV-0810,KIA Sportage 2023,2.74,bar,Pickup
REV-0811,Ford Escape 2023,33.94,PSI,SUV
REV-0812,VW Tiguan 2024,39.66,PSI,Sedán
REV-0813,Toyota Hilux 2024
REV-0814,Toyota Corolla 2023,24.09,PSI,Deportivo
REV-0815,Toyota RAV4 2024,28.77,PSI,Sedán
REV-0816,Nissan Sentra 2024,53.3,PSI,SUV
REV-0817,Jeep Wrangler 2022,2.09,bar,Minivan
REV-0818,RAM 1500 2023,3.6,bar,Camioneta
REV-0819,Jeep Wrangler 2022,1.51,bar,Lujo
REV-0820,Chevrolet Aveo 2022,49.34,PSI,Compacto
REV-0821,Audi A4 2024,1.58,bar,Minivan
REV-0822,VW Jetta 2023,2.59,bar,Sedán
REV-0823,Hyundai Tucson 2024,35.96,PSI,Camioneta
REV-0824,Nissan Sentra 2024,28.38,PSI,Camioneta
REV-0825,Mazda CX-5 2023,1.87,bar,Sedán
REV-0826,Audi A4 2024,2.38,bar,Sedán
REV-0827,Ford Ranger 2023,1.94,bar,Deportivo
REV-0828,Audi A4 2024,error,PSI,Minivan
REV-0829,Suzuki Vitara 2023,1.6,bar,Minivan
REV-0830,Ford Escape 2023,25.86,PSI,Deportivo
REV-0831,Mazda 3 2024,1.32,bar,Sedán
REV-0832,Honda CR-V 2023,53.99,PSI,Deportivo
REV-0833,RAM 1500 2023,2.03,bar,SUV
REV-0834,Toyota Hilux 2024,27.04,PSI,Pickup
REV-0835,BMW Serie 3 2024,1.41,bar,Sedán
REV-0836,Suzuki Vitara 2023,39.89,PSI,Pickup
REV-0837,Hyundai Tucson 2024,2.6,bar,Lujo
REV-0838,Chevrolet Silverado 2024,53.02,PSI,SUV
REV-0839,Subaru Outback 2024,3.28,bar,Camioneta
REV-0840,BMW Serie 3 2024,2.05,?,Compacto
REV-0841,Suzuki Vitara 2023,28.0,PSI,Pickup
REV-0842,Toyota Corolla 2023,3.44,bar,Lujo
REV-0843,Toyota Corolla 2023,--,PSI,Minivan
REV-0844,Ford Ranger 2023,31.44,PSI,Pickup
REV-0845,KIA Sportage 2023,44.63,PSI,Sedán
REV-0846,Nissan Sentra 2024,25.65,PSI,SUV
REV-0847,Suzuki Vitara 2023,2.69,K,Compacto
REV-0848,BMW Serie 3 2024,54.6,PSI,Compacto,dato_extra,29
REV-0849,Mazda CX-5 2023,20.75,PSI,Deportivo
REV-0850,Toyota Hilux 2024,37.05,PSI,Lujo
REV-0851,RAM 1500 2023,2.02,bar,Camioneta
REV-0852,VW Tiguan 2024,1.34,bar,Pickup
REV-0853,Toyota RAV4 2024,3.67,bar,Camioneta
REV-0854,KIA Sportage 2023,2.02,bar,Camioneta
REV-0855,Nissan Sentra 2024,3.66,bar,Minivan
REV-0856,Mercedes C300 2023,48.63,PSI,Compacto
REV-0857,Nissan Frontier 2023,1.44,?,SUV
REV-0858,Ford Ranger 2023,42.24,PSI,Camioneta
REV-0859,Audi A4 2024,44.17,PSI,Pickup
REV-0860,VW Tiguan 2024,53.87,PSI,SUV,dato_extra,70
REV-0861,KIA Sportage 2023,41.46,PSI,SUV
REV-0862,KIA Sportage 2023,3.28,bar,Compacto
REV-0863,Ford Escape 2023,33.35,PSI,Sedán
REV-0864,Ford Ranger 2023,--,bar,Minivan
REV-0865,VW Jetta 2023,47.35,PSI,Lujo
REV-0866,Ford Escape 2023,2.76,bar,Lujo
REV-0867,Honda Civic 2022,20.48,PSI,Compacto
REV-0868,KIA Sportage 2023,46.69,PSI,Minivan,dato_extra,10
REV-0869,VW Tiguan 2024,2.04,bar,Deportivo
REV-0870,Chevrolet Aveo 2022,40.93,PSI,Camioneta
REV-0871,Toyota RAV4 2024,42.2,PSI,Sedán
REV-0872,Ford Ranger 2023,49.68,PSI,Camioneta
REV-0873,Toyota Hilux 2024,34.25,PSI,Compacto
REV-0874,Subaru Outback 2024,3.16,bar,Deportivo
REV-0875,Toyota Hilux 2024,3.41,bar,Pickup
REV-0876,Ford Escape 2023,1.7,bar,Camioneta
REV-0877,Nissan Sentra 2024,1.35,bar,Deportivo
REV-0878,BMW Serie 3 2024,1.62,bar,Camioneta
REV-0879,Audi A4 2024,1.74,bar,SUV
REV-0880,Mazda CX-5 2023,39.91,PSI,Deportivo
REV-0881,Subaru Outback 2024,1.91,bar,Deportivo
REV-0882,Mercedes C300 2023,37.51,PSI,Sedán
REV-0883,Jeep Wrangler 2022,32.48,PSI,SUV
REV-0884,Ford Escape 2023,39.18,PSI,Minivan
REV-0885,Nissan Frontier 2023,2.51,bar,Camioneta
REV-0886,Nissan Frontier 2023,2.52,bar,Sedán
REV-0887,Ford Escape 2023,2.91,bar,Compacto
REV-0888,VW Tiguan 2024,3.45,bar,Sedán
REV-0889,KIA Sportage 2023,3.15,bar,Pickup
REV-0890,Subaru Outback 2024,32.18,PSI,Pickup
REV-0891,Mazda CX-5 2023,2.53,bar,Pickup
REV-0892,Toyota Corolla 2023,28.99,PSI,Camioneta
REV-0893,Mazda 3 2024,1.23,bar,Deportivo
REV-0894,Ford Escape 2023,50.3,PSI,Deportivo
REV-0895,Mazda 3 2024,19.73,PSI,Pickup
REV-0896,Mazda CX-5 2023,2.88,bar,Camioneta,dato_extra,91
REV-0897,Jeep Wrangler 2022,19.13,PSI,Deportivo
REV-0898,BMW Serie 3 2024,2.1,bar,Minivan
REV-0899,Toyota RAV4 2024,22.66,PSI,SUV
REV-0900,Hyundai Tucson 2024,19.65,PSI,SUV
REV-0901,Nissan Sentra 2024,1.49,bar,Minivan
REV-0902,Toyota Hilux 2024,3.02,bar,SUV
REV-0903,KIA Sportage 2023,1.76,bar,Compacto
REV-0904,Chevrolet Silverado 2024,2.28,bar,Compacto
REV-0905,Mercedes C300 2023,1.2,bar,Pickup
REV-0906,VW Jetta 2023,2.45,bar,Minivan
REV-0907,Audi A4 2024,1.26,bar,Deportivo
REV-0908,Subaru Outback 2024,1.23,bar,SUV

REV-0910,Mercedes C300 2023,1.82,bar,Compacto
REV-0911,Audi A4 2024,53.95,PSI,Camioneta
REV-0912,Toyota Hilux 2024,3.26,bar,Deportivo
REV-0913,Nissan Sentra 2024,1.52,bar,Compacto
REV-0914,Suzuki Vitara 2023,31.4,PSI,Deportivo
REV-0915,Nissan Sentra 2024,24.79,PSI,Minivan
REV-0916,Chevrolet Aveo 2022,48.74,PSI,Sedán
REV-0917,Toyota Hilux 2024,1.34,bar,Pickup
REV-0918,BMW Serie 3 2024,33.96,PSI,SUV
REV-0919,RAM 1500 2023,1.81,bar,Pickup
REV-0920,Nissan Sentra 2024,3.17,bar,Deportivo
REV-0921,Ford Ranger 2023,44.0,PSI,Minivan
REV-0922,Toyota Corolla 2023,31.27,PSI,Compacto
REV-0923,Honda Civic 2022,1.88,bar,Compacto
REV-0924,Jeep Wrangler 2022,47.98,PSI,Deportivo
REV-0925,Nissan Sentra 2024,--,bar,SUV
REV-0926,KIA Sportage 2023,24.83,PSI,Minivan
REV-0927,Ford Ranger 2023,3.69,bar,Camioneta
REV-0928,Toyota RAV4 2024,2.91,bar,Pickup
REV-0929,Hyundai Tucson 2024,29.11,PSI,Deportivo
REV-0930,Ford Ranger 2023,25.02,PSI,Camioneta
REV-0931,Toyota Hilux 2024,2.73,bar,Compacto
REV-0932,Toyota Corolla 2023,1.22,bar,Lujo
REV-0933,Subaru Outback 2024,3.21,bar,Minivan
REV-0934,Nissan Frontier 2023,1.79,bar,SUV
REV-0935,Nissan Sentra 2024,30.06,PSI,SUV
REV-0936,Ford Ranger 2023,1.86,bar,Lujo
REV-0937,Suzuki Vitara 2023,29.62,PSI,SUV
REV-0938,Mazda CX-5 2023,3.34,bar,SUV
REV-0939,Mazda CX-5 2023,52.41,PSI,Lujo
REV-0940,Nissan Frontier 2023,30.64,PSI,Sedán
REV-0941,Chevrolet Aveo 2022,45.51,PSI,Minivan
REV-0942,Suzuki Vitara 2023,18.24,PSI,Deportivo
REV-0943,Ford Ranger 2023,41.07,PSI,Lujo
REV-0944,Nissan Sentra 2024,2.56,bar,Pickup
REV-0945,KIA Sportage 2023,3.3,bar,Camioneta
REV-0946,Toyota Hilux 2024,20.83,PSI,Lujo
REV-0947,Honda CR-V 2023,1.81,bar,Lujo
REV-0948,Mazda 3 2024,53.34,PSI,SUV
REV-0949,Jeep Wrangler 2022,20.03,PSI,Deportivo
REV-0950,Toyota Corolla 2023,22.38,PSI,Minivan
REV-0951,Hyundai Tucson 2024,3.4,bar,Pickup
REV-0952,Honda Civic 2022,34.48,PSI,Sedán
REV-0953,Audi A4 2024,19.28,PSI,Lujo
REV-0954,Toyota Corolla 2023,46.64,PSI,Pickup
REV-0955,Ford Escape 2023,43.18,PSI,Pickup
REV-0956,Toyota Hilux 2024,29.46,PSI,Camioneta
REV-0957,Chevrolet Silverado 2024,43.95,PSI,Compacto
REV-0958,Hyundai Tucson 2024,1.49,bar,Minivan
REV-0959,Subaru Outback 2024,37.44,PSI,SUV
REV-0960,RAM 1500 2023,3.46,bar,Minivan
REV-0961,Mazda 3 2024,48.79,PSI,SUV
REV-0962,Jeep Wrangler 2022,1.53,bar,Lujo
REV-0963,Ford Escape 2023,22.32,PSI,Minivan
REV-0964,Nissan Sentra 2024,2.36,bar,Sedán
REV-0965,BMW Serie 3 2024,38.58,PSI,Compacto
REV-0966,Chevrolet Silverado 2024,3.3,bar,Deportivo
REV-0967,Ford Escape 2023,53.82,PSI,Sedán
REV-0968,Nissan Sentra 2024,1.21,bar,SUV
REV-0969,Ford Ranger 2023,1.29,bar,Minivan
REV-0970,Audi A4 2024,2.04,bar,Pickup
REV-0971,RAM 1500 2023,25.2,PSI,Minivan
REV-0972,Ford Ranger 2023,29.0,PSI,SUV
REV-0973,Nissan Sentra 2024,1.71,bar,Lujo
REV-0974,Mercedes C300 2023,2.39,bar,Deportivo
REV-0975,Ford Escape 2023,28.78,PSI,Lujo
REV-0976,Chevrolet Silverado 2024,36.77,PSI,Compacto
REV-0977,Honda Civic 2022,19.16,PSI,SUV
REV-0978,RAM 1500 2023,1.3,bar,Minivan
REV-0979,Toyota RAV4 2024,39.63,PSI,Lujo
REV-0980,RAM 1500 2023,31.51,PSI,Minivan
REV-0981,Honda CR-V 2023,2.95,bar,SUV
REV-0982,Chevrolet Silverado 2024,1.41,bar,Deportivo
REV-0983,BMW Serie 3 2024,,PSI,Deportivo
REV-0984,Toyota Hilux 2024,2.08,bar,Sedán
REV-0985,Toyota Corolla 2023,2.89,bar,Lujo
REV-0986,Audi A4 2024,3.15,bar,Lujo
REV-0987,Hyundai Tucson 2024,41.17,PSI,Sedán
REV-0988,Ford Escape 2023,1.71,bar,Camioneta
REV-0989,Ford Ranger 2023,21.54,PSI,Minivan
REV-0990,BMW Serie 3 2024,2.88,bar,Deportivo
REV-0991,Honda CR-V 2023,25.18,PSI,Minivan
REV-0992,Audi A4 2024,1.96,bar,Camioneta
REV-0993,Honda CR-V 2023,2.53,bar,Deportivo
REV-0994,Subaru Outback 2024,1.34,bar,Sedán
REV-0995,Audi A4 2024,49.09,PSI,SUV
REV-0996,Nissan Sentra 2024,2.58,bar,Minivan
REV-0997,Nissan Frontier 2023,1.58,bar,Lujo
REV-0998,Suzuki Vitara 2023,2.9,bar,Pickup
REV-0999,Mazda 3 2024,36.79,PSI,Camioneta
REV-1000,Nissan Frontier 2023,2.77,bar,Lujo
